Episode,Reward
1,44.3
2,44.3
3,106.55
4,101.9
5,76.0
6,105.05
7,76.3
8,60.75
9,106.45
10,112.5
11,76.8
12,101.59999999999998
13,92.4
14,116.75
15,92.3
16,81.1
17,41.7
18,89.0
19,78.3
20,58.400000000000006
21,41.5
22,56.9
23,108.35
24,105.0
25,74.39999999999999
26,35.5
27,68.0
28,50.8
29,82.69999999999999
30,99.49999999999999
31,113.3
32,63.8
33,92.3
34,79.5
35,101.5
36,74.3
37,52.599999999999994
38,76.55
39,125.1
40,67.3
41,80.39999999999999
42,68.75
43,69.1
44,95.05
45,105.79999999999998
46,59.6
47,52.89999999999999
48,79.5
49,39.5
50,73.1
51,65.19999999999999
52,70.3
53,109.69999999999999
54,38.3
55,76.39999999999999
56,71.85
57,69.5
58,104.89999999999998
59,97.5
60,107.80000000000001
61,70.15
62,83.5
63,111.2
64,56.69999999999999
65,56.8
66,89.19999999999999
67,116.6
68,60.19999999999999
69,76.69999999999999
70,76.9
71,71.85
72,85.1
73,103.5
74,64.0
75,83.9
76,45.5
77,86.75
78,99.49999999999999
79,83.1
80,58.89999999999999
81,83.2
82,76.5
83,63.04999999999999
84,111.5
85,74.0
86,95.80000000000001
87,57.7
88,53.849999999999994
89,78.3
90,59.099999999999994
91,48.4
92,90.7
93,87.5
94,97.65
95,78.0
96,54.699999999999996
97,80.0
98,63.00000000000001
99,37.1
100,62.8
101,102.5
102,105.5
103,74.8
104,46.699999999999996
105,59.95
106,99.6
107,74.39999999999999
108,53.75
109,50.89999999999999
110,65.1
111,92.30000000000001
112,45.25
113,80.05
114,81.1
115,72.55
116,100.99999999999999
117,91.5
118,94.69999999999999
119,108.85
120,103.1
121,70.65
122,92.9
123,96.85
124,67.6
125,63.9
126,72.44999999999999
127,64.79999999999998
128,50.95
129,72.0
130,56.699999999999996
131,75.8
132,70.19999999999999
133,93.19999999999999
134,71.6
135,68.0
136,86.75
137,104.89999999999999
138,91.5
139,86.1
140,98.1
141,81.99999999999999
142,50.8
143,59.099999999999994
144,72.04999999999998
145,68.35
146,98.35
147,103.3
148,67.60000000000001
149,80.8
150,90.1
151,115.6
152,90.2
153,100.69999999999999
154,56.449999999999996
155,102.79999999999998
156,106.5
157,84.89999999999999
158,85.5
159,111.5
160,52.699999999999996
161,63.599999999999994
162,103.09999999999998
163,50.4
164,127.69999999999999
165,81.99999999999999
166,57.2
167,96.45
168,78.0
169,98.69999999999999
170,92.19999999999999
171,90.2
172,107.69999999999999
173,82.45
174,59.599999999999994
175,119.05
176,80.0
177,62.89999999999999
178,84.3
179,96.8
180,108.44999999999999
181,59.94999999999999
182,91.85
183,52.699999999999996
184,57.599999999999994
185,95.5
186,38.3
187,98.1
188,117.25
189,114.85000000000001
190,68.39999999999999
191,78.0
192,79.0
193,96.29999999999998
194,81.10000000000001
195,81.69999999999999
196,88.6
197,88.6
198,78.39999999999999
199,105.1
200,35.5
201,50.400000000000006
202,84.6
203,85.0
204,56.699999999999996
205,61.45
206,56.9
207,64.69999999999999
208,106.8
209,102.64999999999999
210,100.75
211,69.9
212,81.3
213,83.2
214,101.0
215,67.64999999999999
216,84.44999999999999
217,113.5
218,108.6
219,52.89999999999999
220,74.0
221,56.9
222,80.3
223,42.3
224,72.39999999999999
225,114.85
226,83.69999999999999
227,75.3
228,104.69999999999999
229,65.8
230,103.5
231,68.75
232,87.50000000000001
233,70.4
234,80.69999999999999
235,53.599999999999994
236,74.05
237,86.2
238,62.89999999999999
239,85.1
240,46.3
241,42.3
242,80.6
243,82.6
244,81.89999999999999
245,91.5
246,138.60000000000002
247,97.5
248,68.0
249,74.3
250,65.94999999999999
251,72.39999999999999
252,66.14999999999999
253,105.1
254,106.54999999999998
255,72.55
256,62.89999999999999
257,113.4
258,94.1
259,96.85000000000001
260,50.3
261,46.300000000000004
262,49.5
263,95.65
264,76.0
265,59.5
266,81.4
267,65.8
268,84.3
269,79.85
270,56.699999999999996
271,95.39999999999999
272,51.699999999999996
273,90.3
274,71.65
275,79.85000000000001
276,84.84999999999998
277,68.89999999999999
278,58.699999999999996
279,67.6
280,104.69999999999999
281,99.94999999999999
282,59.95
283,62.89999999999999
284,86.75
285,77.3
286,43.5
287,84.6
288,115.69999999999999
289,59.599999999999994
290,77.1
291,84.35
292,91.29999999999998
293,104.45
294,85.69999999999999
295,97.19999999999999
296,86.75
297,63.3
298,104.0
299,78.6
300,101.69999999999999
301,88.79999999999998
302,47.7
303,50.699999999999996
304,98.05000000000001
305,78.0
306,97.70000000000002
307,98.35
308,94.5
309,46.3
310,138.6
311,116.75
312,92.1
313,54.7
314,72.55
315,50.89999999999999
316,48.89999999999999
317,61.0
318,103.9
319,126.89999999999998
320,125.19999999999999
321,67.05
322,114.85
323,77.55000000000001
324,84.6
325,126.89999999999999
326,87.8
327,104.45
328,56.89999999999999
329,88.9
330,95.05
331,93.5
332,116.75
333,106.44999999999999
334,73.0
335,91.5
336,106.5
337,88.00000000000001
338,115.5
339,114.85
340,84.6
341,115.5
342,48.49999999999999
343,72.55
344,68.75
345,85.5
346,84.6
347,76.0
348,81.0
349,60.099999999999994
350,75.19999999999999
351,58.9
352,104.05
353,119.05
354,84.6
355,117.25
356,48.699999999999996
357,106.89999999999999
358,70.15
359,86.75
360,104.95
361,76.99999999999999
362,94.65
363,46.3
364,79.85
365,66.89999999999999
366,63.599999999999994
367,74.6
368,80.99999999999999
369,70.0
370,99.95
371,73.65
372,84.6
373,80.8
374,66.89999999999999
375,50.400000000000006
376,93.30000000000001
377,84.6
378,115.1
379,125.1
380,98.5
381,103.29999999999998
382,72.55
383,111.2
384,62.89999999999999
385,67.39999999999999
386,98.10000000000001
387,69.6
388,119.04999999999998
389,66.3
390,73.8
391,113.49999999999999
392,64.95
393,107.69999999999999
394,69.1
395,104.95
396,104.69999999999999
397,99.19999999999999
398,84.6
399,58.8
400,83.29999999999998
401,68.75
402,64.39999999999999
403,95.1
404,66.8
405,74.44999999999999
406,110.39999999999998
407,62.89999999999999
408,66.35
409,78.89999999999999
410,115.69999999999999
411,108.79999999999998
412,107.94999999999999
413,112.99999999999997
414,115.4
415,89.4
416,100.69999999999999
417,84.6
418,72.55
419,66.8
420,88.0
421,109.14999999999999
422,58.8
423,84.6
424,82.6
425,82.89999999999999
426,74.15
427,97.39999999999999
428,48.3
429,96.50000000000001
430,96.1
431,76.6
432,80.44999999999999
433,75.4
434,94.3
435,66.6
436,101.5
437,81.3
438,82.39999999999999
439,106.9
440,96.85000000000001
441,80.8
442,89.19999999999999
443,88.8
444,42.3
445,79.2
446,86.75
447,81.9
448,67.1
449,74.9
450,64.8
451,112.69999999999999
452,107.1
453,96.89999999999999
454,100.65
455,104.65
456,81.2
457,104.95
458,78.0
459,78.64999999999999
460,74.2
461,123.0
462,67.6
463,99.6
464,106.9
465,106.45000000000002
466,78.39999999999999
467,84.39999999999999
468,76.0
469,104.95
470,78.0
471,84.85
472,86.8
473,74.45
474,90.3
475,50.3
476,102.9
477,96.15
478,86.75
479,81.39999999999999
480,58.35
481,76.39999999999999
482,74.0
483,80.3
484,76.39999999999999
485,72.8
486,119.05
487,88.0
488,107.1
489,66.14999999999999
490,88.8
491,103.3
492,78.39999999999999
493,67.1
494,59.95
495,96.94999999999999
496,102.64999999999999
497,95.1
498,78.8
499,86.75
500,76.29999999999998
501,119.05
502,119.05
503,101.1
504,105.2
505,113.39999999999998
506,73.8
507,66.39999999999999
508,86.19999999999999
509,91.95
510,67.1
511,64.89999999999999
512,72.55
513,67.1
514,88.8
515,72.8
516,125.19999999999999
517,78.30000000000001
518,125.1
519,88.0
520,107.1
521,66.89999999999999
522,111.5
523,125.19999999999997
524,73.6
525,67.1
526,104.89999999999999
527,88.6
528,98.29999999999998
529,77.49999999999999
530,42.3
531,53.9
532,112.95
533,104.95
534,119.05
535,74.45
536,67.1
537,69.15
538,104.94999999999999
539,86.25
540,82.8
541,81.89999999999999
542,95.6
543,126.89999999999999
544,88.8
545,106.5
546,67.1
547,90.55000000000001
548,47.5
549,139.5
550,95.6
551,53.7
552,63.3
553,83.65
554,107.1
555,106.9
556,112.94999999999999
557,56.699999999999996
558,99.39999999999999
559,112.15
560,67.1
561,58.8
562,85.1
563,95.1
564,80.0
565,108.49999999999999
566,112.69999999999999
567,52.699999999999996
568,105.5
569,91.5
570,76.39999999999999
571,67.1
572,104.1
573,127.69999999999999
574,67.1
575,88.8
576,67.1
577,102.9
578,89.0
579,112.69999999999999
580,67.1
581,94.1
582,83.0
583,83.8
584,86.8
585,111.1
586,72.55
587,114.85
588,67.1
589,75.6
590,107.1
591,58.89999999999999
592,88.8
593,107.1
594,112.69999999999999
595,67.1
596,91.39999999999998
597,53.9
598,50.5
599,78.0
600,139.5
601,122.89999999999999
602,103.19999999999999
603,98.3
604,66.89999999999999
605,91.5
606,67.1
607,95.6
608,74.45
609,88.8
610,74.45
611,88.8
612,107.1
613,88.8
614,67.1
615,88.65
616,74.0
617,82.45
618,101.5
619,68.75
620,80.0
621,84.6
622,67.1
623,100.75
624,106.69999999999999
625,112.15
626,80.8
627,88.14999999999999
628,93.39999999999998
629,67.7
630,100.75
631,64.6
632,104.69999999999999
633,111.19999999999999
634,84.6
635,68.75
636,112.24999999999999
637,107.1
638,67.1
639,82.35
640,74.45
641,66.89999999999999
642,88.65
643,80.8
644,90.55
645,93.29999999999998
646,107.1
647,66.5
648,58.89999999999999
649,65.9
650,96.5
651,78.89999999999999
652,100.5
653,74.45
654,114.85
655,87.5
656,67.3
657,104.95
658,106.5
659,106.5
660,96.85
661,88.8
662,100.69999999999999
663,67.1
664,54.89999999999999
665,99.19999999999999
666,73.6
667,119.05000000000001
668,56.7
669,71.6
670,67.6
671,67.1
672,84.15
673,50.699999999999996
674,67.1
675,107.1
676,87.19999999999999
677,107.1
678,105.5
679,58.699999999999996
680,113.39999999999999
681,112.99999999999997
682,110.29999999999998
683,88.65
684,67.1
685,115.6
686,61.5
687,84.35000000000001
688,107.1
689,59.7
690,107.1
691,96.5
692,116.1
693,74.45
694,88.65
695,114.85
696,68.75
697,67.1
698,107.1
699,67.1
700,95.9
701,60.89999999999999
702,112.69999999999999
703,96.15
704,81.0
705,95.5
706,114.85
707,74.45
708,74.0
709,88.8
710,74.45
711,122.99999999999997
712,74.45
713,114.85
714,103.1
715,80.60000000000001
716,125.2
717,62.699999999999996
718,85.0
719,73.8
720,86.2
721,105.5
722,91.3
723,139.5
724,67.1
725,108.75
726,107.1
727,91.3
728,114.85
729,57.5
730,67.1
731,88.8
732,126.89999999999998
733,67.1
734,112.69999999999999
735,98.5
736,100.75
737,67.1
738,107.1
739,88.8
740,66.6
741,88.8
742,84.6
743,107.1
744,65.1
745,95.6
746,139.5
747,67.1
748,88.65
749,98.7
750,88.8
751,67.1
752,114.85
753,88.6
754,100.69999999999999
755,88.8
756,95.7
757,98.9
758,63.3
759,84.6
760,116.1
761,100.65
762,74.39999999999999
763,100.75
764,107.1
765,88.65
766,90.55
767,112.8
768,60.9
769,68.75
770,62.55
771,88.8
772,68.75
773,107.1
774,101.5
775,66.89999999999999
776,114.85
777,107.1
778,107.1
779,74.45
780,65.1
781,67.3
782,139.5
783,112.8
784,66.89999999999999
785,119.04999999999998
786,74.45
787,111.0
788,114.85
789,72.55000000000001
790,88.8
791,100.69999999999999
792,73.8
793,58.699999999999996
794,89.8
795,107.1
796,74.45
797,104.6
798,88.8
799,88.8
800,88.6
801,82.8
802,72.55
803,74.44999999999999
804,125.19999999999999
805,74.45
806,119.04999999999998
807,72.55
808,74.25
809,119.05000000000001
810,138.59999999999997
811,102.54999999999998
812,66.89999999999999
813,66.89999999999999
814,67.1
815,70.29999999999998
816,114.85
817,74.45
818,65.1
819,84.39999999999999
820,107.1
821,117.5
822,67.1
823,54.699999999999996
824,84.6
825,66.89999999999999
826,139.5
827,67.1
828,62.699999999999996
829,104.95
830,100.75
831,96.29999999999998
832,65.1
833,71.6
834,84.6
835,106.5
836,60.89999999999999
837,88.8
838,94.6
839,94.3
840,67.1
841,112.7
842,116.0
843,67.1
844,93.5
845,70.65
846,88.65
847,88.8
848,107.1
849,84.15
850,98.1
851,88.8
852,119.04999999999998
853,63.04999999999999
854,88.8
855,62.25
856,106.5
857,88.8
858,88.8
859,107.1
860,65.1
861,87.5
862,88.65
863,88.79999999999998
864,68.75
865,100.75
866,67.1
867,66.89999999999999
868,107.1
869,65.1
870,100.65
871,67.1
872,82.8
873,67.1
874,90.55
875,107.1
876,115.39999999999998
877,84.6
878,107.1
879,74.45
880,74.45
881,67.1
882,114.85
883,88.65
884,88.8
885,114.85
886,74.45
887,69.1
888,67.1
889,84.15
890,68.1
891,67.1
892,88.8
893,80.6
894,84.85
895,112.69999999999999
896,99.1
897,93.29999999999998
898,98.25
899,80.8
900,107.1
901,67.1
902,88.65
903,84.35
904,88.8
905,100.75
906,112.69999999999999
907,101.1
908,80.6
909,88.65
910,80.49999999999999
911,66.89999999999999
912,96.94999999999999
913,88.8
914,88.1
915,68.75
916,102.54999999999998
917,74.45
918,100.75
919,103.99999999999997
920,88.8
921,88.8
922,82.6
923,102.55000000000001
924,107.1
925,88.65
926,63.199999999999996
927,107.1
928,107.1
929,66.89999999999999
930,68.74999999999999
931,114.85
932,107.1
933,102.54999999999998
934,107.1
935,108.05
936,88.14999999999999
937,78.8
938,64.95
939,88.65
940,74.85
941,88.65
942,123.0
943,125.19999999999999
944,106.89999999999998
945,138.6
946,67.1
947,106.95
948,84.6
949,113.39999999999999
950,73.2
951,107.5
952,102.54999999999998
953,97.29999999999998
954,67.1
955,107.1
956,88.65
957,94.69999999999999
958,74.45
959,100.75
960,72.55000000000001
961,106.5
962,76.8
963,107.1
964,80.8
965,68.1
966,107.1
967,98.69999999999999
968,125.19999999999999
969,52.699999999999996
970,94.29999999999998
971,138.6
972,93.29999999999998
973,107.1
974,88.8
975,81.0
976,69.0
977,67.1
978,106.5
979,66.44999999999999
980,88.8
981,69.1
982,88.8
983,88.8
984,67.1
985,84.8
986,105.5
987,67.1
988,67.29999999999998
989,95.6
990,139.5
991,67.1
992,107.6
993,95.30000000000001
994,88.8
995,74.45
996,114.85
997,98.8
998,74.45
999,74.45
1000,88.8
1001,66.89999999999999
1002,107.1
1003,67.1
1004,66.89999999999999
1005,108.79999999999998
1006,84.6
1007,103.9
1008,88.8
1009,66.89999999999999
1010,74.45
1011,100.75
1012,94.6
1013,95.6
1014,82.44999999999999
1015,125.19999999999999
1016,81.4
1017,88.15
1018,67.1
1019,100.75
1020,65.3
1021,67.1
1022,74.45
1023,67.1
1024,66.89999999999999
1025,67.1
1026,67.1
1027,92.69999999999999
1028,96.85
1029,67.1
1030,112.69999999999999
1031,89.19999999999996
1032,83.9
1033,66.89999999999999
1034,88.8
1035,107.1
1036,103.64999999999999
1037,88.8
1038,107.1
1039,96.75
1040,100.75
1041,88.8
1042,75.6
1043,107.1
1044,88.8
1045,94.1
1046,102.64999999999999
1047,67.1
1048,106.5
1049,88.8
1050,104.85
1051,100.75
1052,98.3
1053,66.6
1054,106.9
1055,107.1
1056,114.85
1057,114.85
1058,88.8
1059,88.14999999999999
1060,100.75
1061,96.75
1062,100.75
1063,65.1
1064,100.75
1065,67.1
1066,62.89999999999999
1067,98.9
1068,67.1
1069,67.1
1070,84.6
1071,138.6
1072,88.8
1073,74.45
1074,88.8
1075,93.29999999999998
1076,74.39999999999999
1077,86.2
1078,88.65
1079,88.8
1080,67.1
1081,106.5
1082,66.89999999999999
1083,67.1
1084,102.9
1085,88.65
1086,126.89999999999998
1087,88.8
1088,74.45
1089,69.1
1090,126.89999999999998
1091,106.5
1092,82.45
1093,88.65
1094,67.1
1095,85.0
1096,112.69999999999999
1097,67.1
1098,100.69999999999999
1099,88.65
1100,74.45
1101,100.75
1102,67.1
1103,117.25
1104,100.5
1105,111.19999999999999
1106,107.1
1107,103.64999999999999
1108,103.1
1109,107.1
1110,80.0
1111,114.85
1112,139.5
1113,119.39999999999999
1114,90.54999999999998
1115,107.1
1116,100.75
1117,98.65
1118,127.79999999999998
1119,139.5
1120,67.1
1121,88.65
1122,88.8
1123,89.29999999999998
1124,74.44999999999999
1125,88.65
1126,67.1
1127,101.1
1128,91.5
1129,93.29999999999998
1130,82.1
1131,74.45
1132,107.1
1133,66.89999999999999
1134,84.6
1135,114.85
1136,95.9
1137,107.1
1138,80.0
1139,107.09999999999998
1140,87.19999999999999
1141,88.79999999999998
1142,107.1
1143,84.6
1144,110.5
1145,74.45
1146,113.85
1147,95.6
1148,67.1
1149,106.5
1150,87.69999999999999
1151,102.54999999999998
1152,95.6
1153,84.6
1154,104.89999999999999
1155,98.7
1156,84.6
1157,112.69999999999999
1158,100.75
1159,91.5
1160,107.1
1161,88.65
1162,98.3
1163,67.1
1164,74.44999999999999
1165,115.69999999999997
1166,88.65
1167,107.1
1168,96.29999999999998
1169,114.85
1170,107.1
1171,96.30000000000001
1172,107.1
1173,88.65
1174,114.85
1175,87.19999999999999
1176,88.8
1177,100.75
1178,67.1
1179,93.69999999999999
1180,100.65
1181,68.35
1182,88.8
1183,107.1
1184,96.5
1185,88.65
1186,127.89999999999998
1187,67.1
1188,74.45
1189,88.8
1190,105.1
1191,67.1
1192,67.1
1193,107.1
1194,98.95000000000002
1195,67.1
1196,66.89999999999999
1197,88.8
1198,88.8
1199,95.6
1200,100.75
1201,75.6
1202,139.5
1203,88.65
1204,74.45
1205,96.29999999999998
1206,82.45
1207,94.9
1208,98.9
1209,107.1
1210,74.45
1211,88.65
1212,67.1
1213,65.1
1214,88.65
1215,78.8
1216,94.6
1217,95.6
1218,83.19999999999999
1219,74.45
1220,106.5
1221,67.95
1222,74.45
1223,88.8
1224,80.8
1225,97.29999999999998
1226,97.29999999999998
1227,106.69999999999999
1228,82.45
1229,107.1
1230,100.75
1231,107.1
1232,88.8
1233,102.54999999999998
1234,88.65
1235,65.3
1236,65.1
1237,138.6
1238,68.74999999999999
1239,127.8
1240,100.75
1241,55.099999999999994
1242,125.19999999999999
1243,107.1
1244,67.1
1245,100.75
1246,66.8
1247,88.65
1248,98.3
1249,104.95
1250,87.0
1251,107.69999999999999
1252,88.8
1253,125.19999999999999
1254,114.85
1255,139.5
1256,70.7
1257,68.74999999999999
1258,112.49999999999999
1259,100.75
1260,74.45
1261,114.85
1262,100.75
1263,88.14999999999999
1264,96.35
1265,81.10000000000001
1266,88.8
1267,107.1
1268,71.4
1269,100.75
1270,112.8
1271,78.65
1272,107.1
1273,87.0
1274,112.15
1275,100.75
1276,88.8
1277,60.0
1278,139.5
1279,87.0
1280,102.69999999999999
1281,95.6
1282,88.65
1283,139.5
1284,125.19999999999999
1285,65.1
1286,104.44999999999999
1287,67.1
1288,61.5
1289,88.65
1290,86.75
1291,115.09999999999998
1292,88.65
1293,98.3
1294,47.5
1295,67.1
1296,114.85
1297,107.1
1298,65.1
1299,69.0
1300,97.39999999999999
1301,107.1
1302,74.45
1303,74.45
1304,95.6
1305,107.1
1306,112.69999999999999
1307,74.45
1308,74.45
1309,113.3
1310,93.30000000000001
1311,139.5
1312,87.0
1313,100.75
1314,74.45
1315,67.1
1316,87.0
1317,139.5
1318,88.8
1319,107.1
1320,74.44999999999999
1321,107.1
1322,88.65
1323,63.3
1324,107.59999999999998
1325,68.9
1326,56.699999999999996
1327,78.65
1328,87.1
1329,106.09999999999998
1330,67.1
1331,81.0
1332,59.7
1333,107.1
1334,102.55000000000001
1335,65.1
1336,60.1
1337,88.65
1338,74.45
1339,114.85
1340,88.65
1341,107.1
1342,115.19999999999999
1343,73.6
1344,114.85
1345,74.45
1346,112.69999999999999
1347,95.6
1348,65.1
1349,68.74999999999999
1350,107.1
1351,101.1
1352,90.15
1353,106.69999999999999
1354,100.75
1355,111.19999999999999
1356,67.1
1357,69.1
1358,88.8
1359,88.8
1360,107.1
1361,98.7
1362,125.09999999999998
1363,106.8
1364,107.1
1365,74.45
1366,114.85
1367,112.69999999999999
1368,67.1
1369,107.1
1370,107.1
1371,114.85
1372,98.74999999999999
1373,69.1
1374,119.05
1375,114.85
1376,94.3
1377,100.75
1378,69.1
1379,114.85
1380,107.1
1381,100.75
1382,104.95000000000002
1383,114.89999999999998
1384,88.8
1385,64.14999999999999
1386,96.75
1387,100.75
1388,88.65
1389,69.1
1390,100.75
1391,87.0
1392,88.8
1393,96.75
1394,139.5
1395,63.099999999999994
1396,67.1
1397,119.05
1398,88.8
1399,126.89999999999998
1400,88.65
1401,74.45
1402,81.0
1403,94.3
1404,116.1
1405,67.1
1406,87.5
1407,112.69999999999999
1408,138.6
1409,67.1
1410,88.8
1411,88.65
1412,89.10000000000001
1413,104.94999999999999
1414,81.0
1415,107.1
1416,88.14999999999999
1417,88.8
1418,74.85
1419,77.60000000000001
1420,101.1
1421,100.69999999999999
1422,114.54999999999998
1423,107.1
1424,107.1
1425,107.1
1426,95.6
1427,74.45
1428,138.6
1429,68.9
1430,107.1
1431,98.05000000000001
1432,97.1
1433,114.85
1434,114.85
1435,107.1
1436,126.89999999999999
1437,114.85
1438,88.8
1439,95.89999999999998
1440,88.8
1441,88.8
1442,113.39999999999998
1443,88.8
1444,74.39999999999999
1445,107.1
1446,79.85000000000001
1447,63.099999999999994
1448,110.59999999999998
1449,100.75
1450,106.69999999999999
1451,88.8
1452,107.1
1453,88.65
1454,107.1
1455,110.29999999999998
1456,107.1
1457,88.8
1458,100.75
1459,100.65
1460,86.75
1461,100.30000000000001
1462,74.44999999999999
1463,88.65
1464,97.70000000000002
1465,72.9
1466,89.0
1467,67.1
1468,81.0
1469,100.75
1470,74.45
1471,107.1
1472,69.1
1473,100.65
1474,67.1
1475,97.29999999999998
1476,100.75
1477,74.0
1478,88.64999999999999
1479,112.69999999999999
1480,69.1
1481,110.59999999999998
1482,68.74999999999999
1483,79.85000000000001
1484,67.1
1485,82.45
1486,67.1
1487,100.75
1488,53.9
1489,67.1
1490,69.1
1491,85.0
1492,88.8
1493,107.1
1494,114.85
1495,87.0
1496,114.85
1497,107.1
1498,107.1
1499,107.1
1500,59.7
1501,100.69999999999999
1502,67.1
1503,70.15
1504,114.85
1505,67.1
1506,114.85
1507,104.94999999999999
1508,59.7
1509,88.65
1510,100.75
1511,67.1
1512,91.65
1513,67.1
1514,58.699999999999996
1515,87.0
1516,112.69999999999999
1517,67.1
1518,127.79999999999998
1519,138.6
1520,104.09999999999997
1521,60.89999999999999
1522,114.85
1523,74.45
1524,88.8
1525,107.1
1526,106.69999999999999
1527,127.89999999999999
1528,67.1
1529,74.44999999999999
1530,107.1
1531,119.05
1532,95.6
1533,138.6
1534,67.1
1535,117.6
1536,74.45
1537,67.1
1538,102.55000000000001
1539,87.0
1540,87.0
1541,93.5
1542,114.85
1543,69.1
1544,88.8
1545,87.0
1546,88.8
1547,111.5
1548,66.6
1549,107.1
1550,88.8
1551,96.85
1552,67.1
1553,96.1
1554,98.3
1555,81.4
1556,107.1
1557,67.1
1558,112.8
1559,69.1
1560,107.1
1561,127.89999999999999
1562,92.1
1563,95.6
1564,88.0
1565,63.3
1566,69.1
1567,107.1
1568,88.65
1569,94.9
1570,67.1
1571,125.19999999999999
1572,67.1
1573,67.1
1574,114.85
1575,74.45
1576,88.65
1577,102.54999999999998
1578,91.5
1579,84.35000000000001
1580,67.1
1581,100.75
1582,138.6
1583,88.8
1584,87.0
1585,112.69999999999999
1586,88.65
1587,100.75
1588,105.1
1589,86.8
1590,88.8
1591,74.45
1592,88.8
1593,125.19999999999999
1594,68.35
1595,107.1
1596,139.5
1597,61.900000000000006
1598,70.2
1599,99.5
1600,107.1
1601,87.0
1602,74.45
1603,112.35
1604,88.65
1605,98.4
1606,138.6
1607,74.45
1608,112.69999999999999
1609,105.8
1610,98.74999999999999
1611,114.85
1612,74.45
1613,107.1
1614,69.1
1615,103.1
1616,107.1
1617,82.44999999999999
1618,95.6
1619,110.6
1620,139.5
1621,125.19999999999999
1622,67.1
1623,138.6
1624,97.55
1625,95.6
1626,125.19999999999999
1627,67.1
1628,95.6
1629,125.19999999999999
1630,88.8
1631,122.89999999999999
1632,87.0
1633,87.0
1634,107.1
1635,88.14999999999999
1636,139.5
1637,119.3
1638,115.09999999999998
1639,81.4
1640,107.1
1641,107.1
1642,103.1
1643,82.6
1644,67.1
1645,107.1
1646,88.8
1647,94.3
1648,117.60000000000001
1649,100.75
1650,114.85
1651,89.14999999999999
1652,74.45
1653,67.1
1654,106.9
1655,105.1
1656,82.6
1657,104.94999999999999
1658,114.85
1659,67.1
1660,91.5
1661,107.1
1662,88.8
1663,79.9
1664,73.0
1665,67.1
1666,107.1
1667,107.1
1668,102.54999999999998
1669,62.14999999999999
1670,88.8
1671,107.1
1672,107.1
1673,107.1
1674,107.1
1675,102.54999999999998
1676,70.65
1677,138.6
1678,67.1
1679,138.6
1680,107.1
1681,81.10000000000001
1682,114.89999999999998
1683,88.8
1684,65.0
1685,67.1
1686,107.1
1687,100.75
1688,54.699999999999996
1689,106.95
1690,75.2
1691,67.1
1692,68.35
1693,98.3
1694,67.1
1695,88.8
1696,67.1
1697,74.45
1698,70.65
1699,88.8
1700,117.6
1701,68.75
1702,88.65
1703,110.59999999999998
1704,127.69999999999997
1705,100.75
1706,114.85
1707,107.1
1708,82.55
1709,107.1
1710,67.1
1711,86.25
1712,106.95
1713,87.0
1714,74.39999999999999
1715,98.29999999999998
1716,88.8
1717,88.8
1718,111.1
1719,86.8
1720,104.89999999999999
1721,107.1
1722,107.3
1723,88.8
1724,67.6
1725,114.85
1726,83.80000000000001
1727,98.29999999999998
1728,56.699999999999996
1729,107.1
1730,88.8
1731,74.45
1732,88.8
1733,87.0
1734,100.75
1735,107.1
1736,112.69999999999999
1737,85.0
1738,88.65
1739,107.89999999999999
1740,88.8
1741,89.10000000000001
1742,72.94999999999999
1743,74.45
1744,86.25
1745,107.1
1746,90.10000000000001
1747,74.45
1748,88.8
1749,105.1
1750,88.8
1751,88.8
1752,67.1
1753,88.8
1754,88.8
1755,74.45
1756,107.1
1757,75.6
1758,100.75
1759,88.65
1760,88.8
1761,107.1
1762,107.1
1763,88.8
1764,94.3
1765,91.6
1766,67.1
1767,100.75
1768,88.9
1769,95.6
1770,88.9
1771,74.45
1772,74.45
1773,100.75
1774,113.3
1775,74.45
1776,63.3
1777,114.85
1778,67.1
1779,70.8
1780,88.8
1781,80.8
1782,66.5
1783,67.1
1784,74.45
1785,102.55000000000001
1786,107.1
1787,94.3
1788,88.65
1789,87.19999999999999
1790,139.5
1791,82.55000000000001
1792,67.1
1793,138.6
1794,110.5
1795,102.55000000000001
1796,88.8
1797,67.1
1798,101.85
1799,107.69999999999999
1800,111.1
1801,107.1
1802,74.45
1803,101.1
1804,105.29999999999998
1805,78.25
1806,89.7
1807,95.6
1808,85.0
1809,67.1
1810,88.8
1811,67.1
1812,107.1
1813,67.1
1814,100.75
1815,107.1
1816,107.1
1817,139.5
1818,93.69999999999999
1819,91.5
1820,107.1
1821,88.8
1822,65.64999999999999
1823,75.4
1824,88.8
1825,67.6
1826,66.35000000000001
1827,71.9
1828,103.99999999999997
1829,125.19999999999999
1830,73.6
1831,65.1
1832,88.8
1833,139.5
1834,74.45
1835,100.75
1836,74.45
1837,57.7
1838,102.69999999999999
1839,74.45
1840,95.9
1841,107.1
1842,88.8
1843,88.65
1844,73.2
1845,95.6
1846,88.65
1847,86.24999999999999
1848,67.1
1849,53.9
1850,88.65
1851,119.3
1852,125.19999999999999
1853,88.15
1854,67.1
1855,100.75
1856,114.85
1857,60.50000000000001
1858,107.1
1859,100.65
1860,107.1
1861,100.65
1862,107.1
1863,67.1
1864,127.79999999999998
1865,97.29999999999998
1866,139.5
1867,100.75
1868,100.75
1869,91.5
1870,104.29999999999995
1871,87.0
1872,88.8
1873,88.65
1874,88.8
1875,70.15
1876,86.25
1877,107.1
1878,97.29999999999998
1879,82.35
1880,107.1
1881,95.6
1882,114.85
1883,104.19999999999999
1884,107.6
1885,88.65
1886,116.74999999999999
1887,67.1
1888,74.45
1889,114.85
1890,100.65
1891,69.5
1892,88.8
1893,65.64999999999999
1894,72.55
1895,112.69999999999999
1896,74.45
1897,60.0
1898,109.29999999999998
1899,74.45
1900,88.8
1901,114.85
1902,70.8
1903,67.1
1904,101.1
1905,67.1
1906,84.5
1907,59.7
1908,69.1
1909,107.1
1910,86.8
1911,114.85
1912,80.55
1913,107.1
1914,102.64999999999999
1915,102.64999999999999
1916,100.1
1917,116.74999999999999
1918,112.69999999999999
1919,69.1
1920,106.69999999999999
1921,87.19999999999999
1922,127.8
1923,90.55
1924,67.1
1925,107.1
1926,67.1
1927,107.1
1928,81.4
1929,67.1
1930,116.74999999999999
1931,115.7
1932,68.75
1933,107.1
1934,97.69999999999999
1935,68.1
1936,88.8
1937,114.05
1938,86.74999999999999
1939,80.8
1940,97.29999999999998
1941,88.8
1942,139.5
1943,74.45
1944,74.45
1945,67.1
1946,98.25
1947,84.44999999999999
1948,87.0
1949,107.1
1950,96.85
1951,139.5
1952,67.1
1953,106.9
1954,106.69999999999999
1955,88.8
1956,99.5
1957,67.3
1958,96.9
1959,90.55
1960,90.55
1961,138.6
1962,67.1
1963,74.45
1964,74.45
1965,69.1
1966,88.0
1967,88.8
1968,90.55
1969,123.0
1970,109.29999999999998
1971,74.45
1972,67.1
1973,107.1
1974,95.6
1975,116.74999999999999
1976,107.1
1977,90.55
1978,103.09999999999998
1979,67.1
1980,67.1
1981,87.0
1982,88.8
1983,80.55
1984,74.45
1985,67.1
1986,102.64999999999999
1987,88.8
1988,87.0
1989,113.39999999999998
1990,107.1
1991,98.85
1992,107.1
1993,94.75
1994,88.8
1995,107.1
1996,88.8
1997,97.70000000000002
1998,90.55
1999,104.85
2000,138.6
2001,107.1
2002,107.1
2003,98.5
2004,60.50000000000001
2005,122.89999999999999
2006,57.64999999999999
2007,93.75
2008,116.74999999999999
2009,77.0
2010,90.55
2011,104.94999999999999
2012,69.1
2013,77.2
2014,88.65
2015,59.949999999999996
2016,102.64999999999999
2017,88.8
2018,107.1
2019,107.1
2020,88.8
2021,74.45
2022,88.8
2023,102.64999999999999
2024,71.6
2025,97.29999999999998
2026,67.1
2027,67.3
2028,52.699999999999996
2029,82.44999999999999
2030,104.95
2031,107.1
2032,81.39999999999999
2033,86.25
2034,104.29999999999995
2035,67.1
2036,101.1
2037,88.8
2038,88.8
2039,116.74999999999999
2040,85.0
2041,116.75
2042,101.1
2043,90.55
2044,67.1
2045,94.1
2046,90.55
2047,111.1
2048,88.8
2049,67.1
2050,80.55000000000001
2051,69.1
2052,95.30000000000001
2053,107.1
2054,94.29999999999998
2055,111.74999999999997
2056,88.8
2057,112.69999999999999
2058,98.7
2059,69.1
2060,75.4
2061,67.1
2062,88.8
2063,117.60000000000001
2064,72.55
2065,98.85
2066,69.1
2067,115.8
2068,66.6
2069,88.8
2070,102.64999999999999
2071,94.69999999999999
2072,88.8
2073,72.2
2074,69.5
2075,88.8
2076,75.4
2077,76.35
2078,90.55
2079,74.45
2080,68.1
2081,88.8
2082,88.8
2083,76.39999999999999
2084,84.8
2085,82.6
2086,74.45
2087,107.1
2088,88.15
2089,90.55
2090,67.1
2091,90.3
2092,79.35
2093,74.45
2094,54.699999999999996
2095,105.19999999999999
2096,91.89999999999999
2097,75.9
2098,69.1
2099,94.69999999999999
2100,98.29999999999998
2101,88.8
2102,90.55
2103,67.1
2104,67.1
2105,107.1
2106,107.1
2107,67.6
2108,111.1
2109,108.79999999999998
2110,88.8
2111,116.75
2112,91.94999999999999
2113,67.1
2114,56.5
2115,74.45
2116,116.74999999999999
2117,90.55
2118,90.55
2119,95.6
2120,87.5
2121,90.55
2122,65.64999999999999
2123,67.1
2124,116.75
2125,87.0
2126,107.1
2127,90.55
2128,69.1
2129,98.69999999999999
2130,90.55
2131,67.1
2132,67.1
2133,107.1
2134,102.69999999999999
2135,106.89999999999999
2136,98.1
2137,121.09999999999998
2138,68.8
2139,87.0
2140,67.1
2141,87.0
2142,125.19999999999999
2143,67.1
2144,107.1
2145,74.45
2146,98.69999999999999
2147,100.7
2148,80.8
2149,95.6
2150,87.99999999999999
2151,88.8
2152,125.19999999999999
2153,107.1
2154,67.1
2155,88.8
2156,138.6
2157,60.2
2158,96.30000000000001
2159,138.6
2160,116.74999999999999
2161,55.3
2162,125.19999999999999
2163,116.74999999999999
2164,125.19999999999999
2165,78.8
2166,87.19999999999999
2167,88.8
2168,107.1
2169,107.1
2170,73.80000000000001
2171,110.6
2172,67.1
2173,139.5
2174,89.0
2175,88.8
2176,74.45
2177,56.699999999999996
2178,74.45
2179,90.55
2180,67.1
2181,69.1
2182,107.1
2183,88.8
2184,107.1
2185,60.0
2186,86.25
2187,80.55
2188,69.1
2189,111.1
2190,116.74999999999999
2191,107.1
2192,107.1
2193,84.44999999999999
2194,112.69999999999999
2195,116.74999999999999
2196,93.85
2197,107.1
2198,60.0
2199,107.1
2200,90.55
2201,70.65
2202,95.6
2203,111.19999999999999
2204,87.0
2205,102.64999999999999
2206,138.6
2207,67.1
2208,115.1
2209,108.8
2210,87.0
2211,100.69999999999999
2212,90.55
2213,74.45
2214,88.8
2215,67.1
2216,107.1
2217,95.6
2218,74.45
2219,68.05
2220,67.1
2221,139.5
2222,74.45
2223,102.64999999999999
2224,87.0
2225,107.1
2226,63.199999999999996
2227,69.1
2228,116.74999999999999
2229,96.85
2230,59.7
2231,88.8
2232,67.1
2233,116.74999999999999
2234,107.1
2235,81.75
2236,87.0
2237,67.1
2238,96.7
2239,112.69999999999999
2240,88.8
2241,107.1
2242,88.8
2243,87.0
2244,116.74999999999999
2245,66.35
2246,88.8
2247,74.45
2248,67.1
2249,87.0
2250,87.19999999999999
2251,107.3
2252,116.74999999999999
2253,102.59999999999998
2254,84.94999999999999
2255,107.1
2256,67.1
2257,67.1
2258,107.1
2259,96.44999999999999
2260,116.74999999999999
2261,86.25
2262,125.19999999999999
2263,81.4
2264,59.7
2265,69.1
2266,139.5
2267,90.9
2268,88.8
2269,69.1
2270,108.49999999999999
2271,88.8
2272,89.5
2273,67.1
2274,107.1
2275,111.74999999999997
2276,107.1
2277,67.1
2278,106.44999999999999
2279,90.55
2280,74.45
2281,109.29999999999998
2282,67.1
2283,90.55
2284,102.64999999999999
2285,107.1
2286,107.1
2287,88.8
2288,80.8
2289,106.69999999999999
2290,88.8
2291,90.55
2292,67.3
2293,90.55
2294,85.30000000000001
2295,103.1
2296,61.5
2297,125.19999999999999
2298,81.0
2299,93.8
2300,125.19999999999999
2301,63.3
2302,74.44999999999999
2303,72.94999999999999
2304,74.45
2305,139.5
2306,113.1
2307,90.55
2308,67.1
2309,100.69999999999999
2310,109.29999999999998
2311,138.6
2312,116.74999999999999
2313,72.55
2314,65.39999999999999
2315,72.55
2316,102.64999999999999
2317,87.0
2318,88.8
2319,116.74999999999999
2320,109.39999999999998
2321,67.1
2322,104.94999999999999
2323,83.89999999999999
2324,107.1
2325,95.6
2326,138.6
2327,88.8
2328,104.85
2329,84.8
2330,99.1
2331,98.8
2332,98.69999999999999
2333,93.69999999999999
2334,88.8
2335,67.1
2336,107.1
2337,67.1
2338,102.64999999999999
2339,125.19999999999999
2340,74.2
2341,90.55
2342,97.29999999999998
2343,102.64999999999999
2344,88.8
2345,74.45
2346,88.8
2347,59.7
2348,88.8
2349,107.1
2350,107.1
2351,67.1
2352,88.0
2353,107.1
2354,67.1
2355,107.1
2356,87.0
2357,98.69999999999999
2358,107.1
2359,84.35
2360,88.8
2361,107.1
2362,94.75
2363,74.45
2364,107.1
2365,74.45
2366,69.1
2367,138.6
2368,92.64999999999999
2369,107.1
2370,107.1
2371,82.6
2372,88.0
2373,107.1
2374,73.4
2375,114.19999999999997
2376,125.19999999999999
2377,80.55
2378,95.6
2379,67.1
2380,67.1
2381,138.6
2382,107.1
2383,90.55
2384,87.0
2385,67.1
2386,95.6
2387,74.45
2388,105.1
2389,73.4
2390,74.45
2391,78.25
2392,74.45
2393,107.1
2394,67.1
2395,67.1
2396,86.75
2397,88.8
2398,107.1
2399,107.1
2400,86.75
2401,73.80000000000001
2402,75.4
2403,107.1
2404,104.19999999999999
2405,67.1
2406,108.79999999999998
2407,138.6
2408,69.1
2409,81.0
2410,107.1
2411,116.74999999999999
2412,139.5
2413,74.45
2414,67.1
2415,70.15
2416,115.1
2417,74.45
2418,80.0
2419,84.25
2420,90.55
2421,107.1
2422,88.8
2423,67.1
2424,62.89999999999999
2425,88.8
2426,112.69999999999999
2427,109.29999999999998
2428,72.55
2429,88.65
2430,95.65
2431,107.1
2432,107.1
2433,86.2
2434,78.0
2435,127.89999999999999
2436,81.0
2437,67.1
2438,104.45
2439,116.74999999999999
2440,88.8
2441,67.1
2442,88.8
2443,108.79999999999998
2444,90.55
2445,88.8
2446,88.0
2447,88.8
2448,88.8
2449,74.45
2450,116.74999999999999
2451,75.4
2452,87.0
2453,138.6
2454,61.5
2455,86.25
2456,125.19999999999999
2457,67.1
2458,88.8
2459,107.6
2460,97.70000000000002
2461,97.70000000000002
2462,107.1
2463,86.25
2464,102.64999999999999
2465,86.25
2466,80.8
2467,107.1
2468,74.45
2469,90.55
2470,97.1
2471,74.45
2472,109.44999999999999
2473,111.1
2474,116.74999999999999
2475,139.5
2476,86.25
2477,107.1
2478,107.1
2479,88.8
2480,56.699999999999996
2481,107.1
2482,67.1
2483,103.39999999999998
2484,107.1
2485,95.30000000000001
2486,69.1
2487,79.35
2488,88.8
2489,67.1
2490,67.1
2491,88.8
2492,67.1
2493,88.8
2494,103.6
2495,88.8
2496,93.5
2497,90.55
2498,90.55
2499,75.2
2500,74.45
2501,74.45
2502,76.2
2503,105.1
2504,95.30000000000001
2505,67.1
2506,88.8
2507,75.2
2508,46.50000000000001
2509,94.7
2510,81.0
2511,88.8
2512,69.1
2513,88.8
2514,116.74999999999999
2515,86.25
2516,102.64999999999999
2517,69.1
2518,123.0
2519,107.1
2520,107.1
2521,78.39999999999999
2522,88.8
2523,74.45
2524,107.1
2525,116.74999999999999
2526,90.55
2527,81.0
2528,100.25
2529,74.45
2530,76.39999999999999
2531,82.45
2532,77.60000000000001
2533,88.8
2534,67.1
2535,69.1
2536,90.55
2537,67.1
2538,92.64999999999999
2539,107.09999999999998
2540,107.1
2541,69.1
2542,88.8
2543,81.4
2544,139.5
2545,74.45
2546,138.6
2547,95.70000000000002
2548,81.0
2549,110.5
2550,90.55
2551,115.69999999999999
2552,108.79999999999998
2553,98.3
2554,87.0
2555,88.8
2556,107.1
2557,86.25
2558,125.19999999999999
2559,85.0
2560,104.95
2561,125.19999999999999
2562,138.6
2563,67.1
2564,125.19999999999999
2565,88.8
2566,74.45
2567,102.64999999999999
2568,93.55000000000001
2569,116.74999999999999
2570,116.74999999999999
2571,67.1
2572,86.95
2573,80.8
2574,119.04999999999998
2575,95.6
2576,139.5
2577,77.0
2578,67.1
2579,90.55
2580,74.45
2581,111.1
2582,102.64999999999999
2583,91.5
2584,116.09999999999998
2585,117.5
2586,98.4
2587,74.45
2588,67.1
2589,105.1
2590,112.69999999999999
2591,74.45
2592,48.3
2593,100.65
2594,74.45
2595,107.29999999999998
2596,116.74999999999999
2597,107.1
2598,88.8
2599,111.1
2600,107.1
2601,85.0
2602,74.45
2603,67.1
2604,95.1
2605,67.1
2606,107.1
2607,102.64999999999999
2608,55.6
2609,72.55
2610,102.64999999999999
2611,65.1
2612,103.05
2613,67.1
2614,107.1
2615,54.699999999999996
2616,90.55
2617,107.1
2618,63.3
2619,69.1
2620,59.7
2621,125.19999999999999
2622,88.8
2623,102.64999999999999
2624,116.74999999999999
2625,69.1
2626,138.6
2627,67.1
2628,82.1
2629,88.8
2630,90.55
2631,112.69999999999999
2632,107.1
2633,80.55
2634,67.1
2635,138.6
2636,81.4
2637,112.7
2638,87.39999999999998
2639,88.8
2640,67.1
2641,61.099999999999994
2642,116.74999999999999
2643,139.5
2644,87.0
2645,88.8
2646,92.5
2647,103.5
2648,100.65
2649,67.1
2650,102.64999999999999
2651,75.6
2652,102.10000000000001
2653,63.3
2654,117.24999999999999
2655,74.45
2656,80.8
2657,74.45
2658,90.55
2659,107.1
2660,67.1
2661,72.55
2662,88.8
2663,80.55
2664,79.85
2665,71.19999999999999
2666,102.69999999999999
2667,111.1
2668,81.0
2669,125.19999999999999
2670,88.8
2671,112.49999999999997
2672,125.19999999999999
2673,107.1
2674,82.45
2675,102.64999999999999
2676,139.5
2677,88.8
2678,116.74999999999999
2679,107.1
2680,107.1
2681,73.4
2682,88.8
2683,102.64999999999999
2684,72.89999999999999
2685,127.8
2686,63.3
2687,107.1
2688,100.65
2689,104.85
2690,116.74999999999999
2691,88.8
2692,101.1
2693,102.64999999999999
2694,103.99999999999999
2695,56.699999999999996
2696,71.4
2697,83.89999999999999
2698,89.0
2699,67.1
2700,74.45
2701,100.65
2702,107.1
2703,74.45
2704,107.1
2705,69.1
2706,116.74999999999999
2707,88.8
2708,107.1
2709,105.1
2710,76.6
2711,72.55
2712,74.45
2713,67.1
2714,109.6
2715,107.1
2716,102.64999999999999
2717,107.1
2718,125.19999999999999
2719,115.8
2720,88.8
2721,67.1
2722,107.1
2723,110.59999999999998
2724,110.6
2725,74.45
2726,59.3
2727,88.8
2728,107.1
2729,125.19999999999999
2730,67.1
2731,95.6
2732,67.1
2733,107.1
2734,102.64999999999999
2735,107.1
2736,97.29999999999998
2737,107.1
2738,112.69999999999999
2739,90.55
2740,139.5
2741,107.1
2742,73.4
2743,94.75
2744,107.1
2745,116.74999999999999
2746,84.44999999999999
2747,64.55
2748,103.1
2749,98.35
2750,67.1
2751,67.1
2752,69.1
2753,78.8
2754,99.95
2755,107.1
2756,100.69999999999999
2757,66.85
2758,72.55
2759,68.89999999999999
2760,74.45
2761,116.74999999999999
2762,104.95
2763,112.69999999999999
2764,89.0
2765,88.6
2766,97.69999999999999
2767,115.09999999999998
2768,71.49999999999999
2769,86.25
2770,67.1
2771,69.0
2772,72.19999999999999
2773,112.69999999999999
2774,77.19999999999999
2775,75.4
2776,104.19999999999999
2777,71.4
2778,88.8
2779,65.1
2780,116.74999999999999
2781,88.8
2782,90.55
2783,74.45
2784,77.60000000000001
2785,138.6
2786,84.25
2787,107.1
2788,74.45
2789,107.1
2790,79.35
2791,107.1
2792,101.1
2793,82.6
2794,67.1
2795,88.8
2796,102.64999999999999
2797,87.0
2798,90.55
2799,139.5
2800,74.45
2801,139.5
2802,87.0
2803,107.1
2804,63.3
2805,74.45
2806,102.64999999999999
2807,85.95
2808,74.45
2809,102.64999999999999
2810,67.1
2811,126.89999999999999
2812,116.74999999999999
2813,88.8
2814,127.69999999999999
2815,78.8
2816,91.89999999999999
2817,83.3
2818,102.64999999999999
2819,67.1
2820,86.25
2821,103.1
2822,67.1
2823,107.1
2824,107.1
2825,90.80000000000001
2826,107.1
2827,115.39999999999998
2828,107.1
2829,74.45
2830,69.1
2831,65.1
2832,139.5
2833,69.1
2834,74.45
2835,72.55
2836,107.1
2837,87.0
2838,95.6
2839,59.5
2840,111.1
2841,107.1
2842,107.1
2843,88.8
2844,138.6
2845,107.1
2846,98.3
2847,107.1
2848,102.64999999999999
2849,91.7
2850,67.1
2851,116.74999999999999
2852,74.45
2853,67.6
2854,107.1
2855,69.1
2856,78.8
2857,107.1
2858,138.59999999999997
2859,107.1
2860,88.8
2861,74.45
2862,119.05000000000001
2863,68.8
2864,98.5
2865,139.5
2866,117.60000000000001
2867,88.8
2868,67.1
2869,107.1
2870,112.69999999999999
2871,109.79999999999998
2872,88.8
2873,67.1
2874,104.45
2875,86.25
2876,88.8
2877,88.8
2878,119.4
2879,90.55
2880,74.45
2881,107.1
2882,102.64999999999999
2883,87.0
2884,74.45
2885,107.1
2886,90.55
2887,105.5
2888,67.1
2889,116.74999999999999
2890,84.6
2891,67.1
2892,138.6
2893,103.85000000000001
2894,86.25
2895,102.64999999999999
2896,102.64999999999999
2897,88.8
2898,139.5
2899,96.45
2900,88.8
2901,74.45
2902,91.6
2903,67.1
2904,87.19999999999999
2905,78.0
2906,107.1
2907,86.25
2908,75.2
2909,95.6
2910,102.64999999999999
2911,67.1
2912,95.6
2913,107.1
2914,139.5
2915,69.0
2916,69.5
2917,85.0
2918,114.2
2919,95.6
2920,105.1
2921,87.0
2922,78.8
2923,72.55
2924,88.8
2925,82.6
2926,59.7
2927,75.55
2928,116.74999999999999
2929,107.1
2930,88.8
2931,110.5
2932,88.8
2933,67.1
2934,106.69999999999999
2935,90.55
2936,59.7
2937,67.1
2938,90.55
2939,102.64999999999999
2940,72.0
2941,90.55
2942,90.55
2943,88.8
2944,119.05
2945,74.45
2946,107.1
2947,107.1
2948,115.09999999999998
2949,92.69999999999999
2950,73.4
2951,63.3
2952,79.6
2953,102.34999999999998
2954,116.74999999999999
2955,100.65
2956,67.1
2957,116.74999999999999
2958,74.45
2959,88.8
2960,115.69999999999999
2961,92.9
2962,111.1
2963,69.1
2964,88.8
2965,88.8
2966,119.05
2967,67.1
2968,91.5
2969,88.8
2970,106.89999999999998
2971,107.1
2972,116.74999999999999
2973,80.55
2974,87.0
2975,74.6
2976,116.74999999999999
2977,67.3
2978,74.45
2979,99.6
2980,67.1
2981,90.55
2982,86.8
2983,98.6
2984,107.29999999999998
2985,107.1
2986,67.1
2987,74.45
2988,67.1
2989,74.45
2990,112.69999999999999
2991,72.1
2992,63.3
2993,91.5
2994,67.1
2995,95.6
2996,67.1
2997,105.1
2998,108.49999999999999
2999,125.2
3000,112.8
3001,65.1
3002,107.1
3003,88.8
3004,63.6
3005,78.6
3006,88.8
3007,67.1
3008,68.89999999999999
3009,90.55
3010,88.8
3011,67.1
3012,107.1
3013,138.6
3014,88.8
3015,81.4
3016,74.45
3017,110.5
3018,138.59999999999997
3019,88.8
3020,125.19999999999999
3021,67.1
3022,125.19999999999999
3023,107.1
3024,107.1
3025,107.1
3026,67.1
3027,102.64999999999999
3028,107.1
3029,107.1
3030,63.099999999999994
3031,100.9
3032,116.74999999999999
3033,107.1
3034,69.1
3035,84.44999999999999
3036,126.89999999999999
3037,67.1
3038,88.8
3039,139.5
3040,138.6
3041,75.2
3042,139.5
3043,107.1
3044,88.8
3045,100.30000000000001
3046,77.60000000000001
3047,112.8
3048,88.8
3049,103.5
3050,104.45
3051,100.5
3052,112.8
3053,114.85
3054,88.8
3055,80.05000000000001
3056,107.1
3057,107.1
3058,112.8
3059,67.6
3060,69.1
3061,88.8
3062,67.1
3063,127.9
3064,112.8
3065,81.0
3066,102.64999999999999
3067,67.1
3068,88.8
3069,116.75
3070,87.0
3071,90.55
3072,125.19999999999999
3073,139.5
3074,88.8
3075,108.49999999999999
3076,116.74999999999999
3077,116.74999999999999
3078,100.09999999999998
3079,96.3
3080,97.05000000000001
3081,93.75
3082,79.85
3083,86.25
3084,79.85
3085,69.1
3086,67.1
3087,102.65
3088,90.55
3089,86.29999999999998
3090,69.1
3091,69.1
3092,67.1
3093,90.55
3094,115.80000000000001
3095,107.1
3096,65.64999999999999
3097,88.10000000000001
3098,88.8
3099,88.8
3100,107.1
3101,102.64999999999999
3102,98.5
3103,107.1
3104,88.8
3105,98.5
3106,61.4
3107,91.7
3108,138.6
3109,84.4
3110,94.69999999999999
3111,101.79999999999998
3112,74.45
3113,97.29999999999998
3114,107.1
3115,82.6
3116,107.9
3117,90.55
3118,90.55
3119,90.55
3120,65.1
3121,67.1
3122,102.64999999999999
3123,115.99999999999999
3124,74.45
3125,138.6
3126,72.6
3127,50.099999999999994
3128,85.0
3129,67.1
3130,86.25
3131,85.0
3132,116.74999999999999
3133,88.8
3134,102.64999999999999
3135,63.3
3136,65.1
3137,88.8
3138,76.2
3139,95.19999999999999
3140,102.64999999999999
3141,91.89999999999999
3142,88.8
3143,91.5
3144,65.1
3145,67.1
3146,138.6
3147,88.85000000000001
3148,88.8
3149,125.19999999999999
3150,98.85
3151,138.6
3152,87.0
3153,67.1
3154,81.4
3155,107.1
3156,69.1
3157,107.69999999999999
3158,95.5
3159,90.55
3160,88.8
3161,60.89999999999999
3162,102.64999999999999
3163,83.65
3164,65.65
3165,88.14999999999999
3166,90.55
3167,90.55
3168,88.64999999999999
3169,90.55
3170,87.0
3171,112.49999999999997
3172,113.65
3173,65.64999999999999
3174,107.1
3175,90.9
3176,90.55
3177,65.64999999999999
3178,87.19999999999999
3179,88.8
3180,100.89999999999999
3181,74.45
3182,79.35
3183,61.099999999999994
3184,116.74999999999999
3185,70.8
3186,98.3
3187,88.8
3188,107.1
3189,102.80000000000001
3190,116.74999999999999
3191,125.19999999999999
3192,61.900000000000006
3193,74.45
3194,138.6
3195,88.8
3196,102.64999999999999
3197,139.5
3198,106.69999999999999
3199,88.8
3200,74.45
3201,107.1
3202,74.45
3203,139.5
3204,65.64999999999999
3205,81.0
3206,102.64999999999999
3207,110.5
3208,88.8
3209,69.1
3210,81.0
3211,102.64999999999999
3212,94.7
3213,90.55
3214,90.55
3215,78.25
3216,93.75
3217,127.89999999999999
3218,116.74999999999999
3219,107.1
3220,74.45
3221,88.8
3222,88.8
3223,102.64999999999999
3224,107.1
3225,105.5
3226,68.35
3227,115.69999999999999
3228,74.45
3229,102.64999999999999
3230,88.8
3231,107.1
3232,100.30000000000001
3233,78.4
3234,107.1
3235,74.45
3236,102.64999999999999
3237,89.65
3238,61.8
3239,125.19999999999999
3240,74.45
3241,72.55
3242,69.1
3243,80.3
3244,127.89999999999999
3245,67.1
3246,67.1
3247,74.45
3248,91.5
3249,88.8
3250,90.55
3251,69.1
3252,107.1
3253,91.69999999999999
3254,65.1
3255,116.74999999999999
3256,87.0
3257,91.9
3258,88.8
3259,89.0
3260,107.1
3261,107.1
3262,110.9
3263,86.25
3264,88.8
3265,104.14999999999999
3266,116.74999999999999
3267,115.9
3268,67.1
3269,69.5
3270,90.55
3271,91.70000000000002
3272,102.64999999999999
3273,90.55
3274,107.1
3275,74.45
3276,107.1
3277,101.1
3278,112.8
3279,69.1
3280,62.89999999999999
3281,98.9
3282,125.19999999999999
3283,127.89999999999999
3284,66.05
3285,94.3
3286,94.7
3287,67.1
3288,107.1
3289,107.1
3290,116.74999999999999
3291,72.55
3292,107.1
3293,67.8
3294,102.64999999999999
3295,104.95
3296,138.6
3297,85.0
3298,88.8
3299,98.3
3300,95.9
3301,89.5
3302,77.60000000000001
3303,105.1
3304,58.89999999999999
3305,107.1
3306,90.80000000000001
3307,104.69999999999999
3308,85.9
3309,87.0
3310,110.6
3311,90.55
3312,90.55
3313,67.1
3314,67.1
3315,88.8
3316,125.19999999999999
3317,110.65
3318,80.55000000000001
3319,125.19999999999999
3320,67.1
3321,112.8
3322,94.7
3323,82.45
3324,110.25
3325,139.5
3326,86.25
3327,100.5
3328,88.8
3329,82.8
3330,69.1
3331,62.15
3332,101.64999999999998
3333,94.3
3334,72.55
3335,138.6
3336,71.4
3337,69.1
3338,88.8
3339,88.8
3340,102.64999999999999
3341,103.5
3342,90.55
3343,107.1
3344,107.1
3345,87.0
3346,100.5
3347,67.1
3348,101.64999999999998
3349,115.4
3350,87.0
3351,116.74999999999999
3352,125.19999999999999
3353,107.1
3354,74.45
3355,70.2
3356,67.1
3357,88.15
3358,121.1
3359,107.1
3360,125.19999999999999
3361,67.1
3362,60.8
3363,88.8
3364,90.55
3365,107.1
3366,88.8
3367,102.64999999999999
3368,74.45
3369,61.099999999999994
3370,102.64999999999999
3371,88.8
3372,105.1
3373,112.8
3374,109.39999999999999
3375,70.0
3376,107.1
3377,92.75
3378,60.89999999999999
3379,104.19999999999999
3380,105.1
3381,104.6
3382,97.29999999999998
3383,88.8
3384,107.1
3385,99.6
3386,107.1
3387,107.1
3388,100.5
3389,125.19999999999999
3390,90.55
3391,88.8
3392,83.9
3393,107.1
3394,116.74999999999999
3395,88.8
3396,74.45
3397,125.19999999999999
3398,63.800000000000004
3399,67.1
3400,88.8
3401,107.1
3402,67.1
3403,78.39999999999999
3404,86.25
3405,116.74999999999999
3406,107.1
3407,76.39999999999999
3408,125.19999999999999
3409,59.7
3410,72.55
3411,65.1
3412,74.45
3413,138.6
3414,88.8
3415,103.1
3416,139.5
3417,74.6
3418,138.6
3419,100.65
3420,95.6
3421,85.89999999999999
3422,103.9
3423,88.8
3424,91.5
3425,138.6
3426,107.1
3427,109.85
3428,53.9
3429,67.1
3430,107.1
3431,88.8
3432,139.50000000000003
3433,88.8
3434,67.1
3435,107.1
3436,100.5
3437,74.45
3438,113.1
3439,69.1
3440,65.1
3441,97.6
3442,56.699999999999996
3443,67.1
3444,107.1
3445,102.64999999999999
3446,67.1
3447,107.1
3448,67.1
3449,88.8
3450,74.45
3451,67.1
3452,67.1
3453,88.8
3454,107.1
3455,60.9
3456,67.1
3457,67.1
3458,69.1
3459,107.1
3460,95.30000000000001
3461,61.1
3462,88.8
3463,60.349999999999994
3464,139.50000000000003
3465,90.55
3466,67.1
3467,91.7
3468,139.5
3469,116.74999999999999
3470,68.8
3471,116.74999999999999
3472,116.74999999999999
3473,116.74999999999999
3474,91.5
3475,74.45
3476,88.6
3477,67.1
3478,107.1
3479,96.6
3480,138.6
3481,107.1
3482,90.55
3483,67.1
3484,102.69999999999999
3485,69.1
3486,102.64999999999999
3487,119.4
3488,102.64999999999999
3489,88.8
3490,74.45
3491,76.39999999999999
3492,62.89999999999999
3493,67.1
3494,88.64999999999999
3495,107.1
3496,81.8
3497,72.55
3498,69.1
3499,74.45
3500,76.0
3501,100.65
3502,107.1
3503,100.5
3504,57.099999999999994
3505,139.5
3506,88.8
3507,115.8
3508,69.1
3509,67.1
3510,90.55
3511,107.1
3512,138.6
3513,86.3
3514,69.1
3515,102.64999999999999
3516,83.19999999999999
3517,66.9
3518,110.5
3519,85.0
3520,100.65
3521,107.1
3522,139.5
3523,82.45
3524,107.1
3525,88.8
3526,77.2
3527,67.1
3528,114.05
3529,90.55
3530,89.7
3531,105.5
3532,106.9
3533,63.3
3534,67.1
3535,63.800000000000004
3536,88.8
3537,96.5
3538,90.55
3539,111.5
3540,80.9
3541,107.1
3542,104.95
3543,72.55
3544,95.1
3545,90.55
3546,138.6
3547,107.1
3548,98.5
3549,78.6
3550,107.89999999999999
3551,100.5
3552,116.74999999999999
3553,127.8
3554,74.45
3555,101.64999999999998
3556,107.1
3557,74.45
3558,50.3
3559,107.1
3560,107.1
3561,74.45
3562,74.45
3563,68.75
3564,86.25
3565,100.8
3566,67.1
3567,107.1
3568,105.5
3569,87.0
3570,88.8
3571,102.64999999999999
3572,67.1
3573,67.1
3574,107.1
3575,88.8
3576,88.8
3577,69.1
3578,102.9
3579,72.55
3580,107.1
3581,107.1
3582,107.1
3583,107.1
3584,112.8
3585,74.45
3586,67.1
3587,116.74999999999999
3588,107.1
3589,74.45
3590,81.6
3591,50.3
3592,90.55
3593,102.64999999999999
3594,110.6
3595,81.4
3596,105.5
3597,88.8
3598,67.1
3599,74.45
3600,88.8
3601,74.45
3602,102.64999999999999
3603,116.74999999999999
3604,63.3
3605,116.74999999999999
3606,113.1
3607,48.099999999999994
3608,67.1
3609,127.8
3610,114.85
3611,74.45
3612,55.5
3613,138.6
3614,116.74999999999999
3615,100.5
3616,69.1
3617,89.0
3618,87.5
3619,86.75
3620,80.0
3621,74.45
3622,103.1
3623,82.45
3624,103.1
3625,67.3
3626,116.74999999999999
3627,107.1
3628,100.5
3629,89.5
3630,88.65
3631,67.1
3632,90.55
3633,88.8
3634,88.8
3635,109.29999999999998
3636,107.1
3637,82.1
3638,88.8
3639,115.39999999999999
3640,112.8
3641,72.94999999999999
3642,90.55
3643,139.5
3644,78.8
3645,112.15
3646,107.1
3647,67.1
3648,88.8
3649,88.8
3650,67.1
3651,85.09999999999998
3652,116.74999999999999
3653,88.8
3654,78.6
3655,107.1
3656,91.5
3657,115.4
3658,103.1
3659,139.5
3660,116.74999999999999
3661,88.8
3662,67.1
3663,107.1
3664,107.1
3665,116.74999999999999
3666,107.1
3667,103.1
3668,111.1
3669,84.8
3670,85.05000000000001
3671,65.1
3672,102.64999999999999
3673,107.1
3674,125.09999999999998
3675,58.89999999999999
3676,107.1
3677,110.65
3678,88.8
3679,92.65
3680,63.3
3681,107.1
3682,98.35
3683,88.15
3684,110.1
3685,74.45
3686,69.1
3687,90.55
3688,107.1
3689,93.75
3690,100.25
3691,107.1
3692,107.1
3693,90.55
3694,88.8
3695,90.55
3696,94.75
3697,107.1
3698,100.5
3699,67.1
3700,116.74999999999999
3701,107.1
3702,67.3
3703,63.099999999999994
3704,93.69999999999999
3705,72.94999999999999
3706,68.1
3707,102.0
3708,71.85
3709,111.1
3710,67.1
3711,72.55
3712,117.60000000000001
3713,67.1
3714,68.35
3715,67.1
3716,115.09999999999998
3717,69.1
3718,116.74999999999999
3719,100.5
3720,81.4
3721,107.1
3722,67.1
3723,116.74999999999999
3724,71.89999999999999
3725,107.1
3726,79.35
3727,117.24999999999999
3728,125.19999999999999
3729,116.74999999999999
3730,60.89999999999999
3731,88.8
3732,107.1
3733,88.8
3734,112.8
3735,67.1
3736,79.0
3737,100.65
3738,107.1
3739,102.64999999999999
3740,67.1
3741,121.2
3742,92.69999999999999
3743,88.8
3744,102.64999999999999
3745,107.1
3746,118.85000000000001
3747,65.65
3748,67.5
3749,101.1
3750,87.0
3751,102.64999999999999
3752,127.8
3753,67.6
3754,102.64999999999999
3755,116.74999999999999
3756,90.55
3757,88.8
3758,90.55
3759,107.1
3760,81.0
3761,67.1
3762,90.55
3763,76.2
3764,116.74999999999999
3765,102.64999999999999
3766,107.1
3767,119.3
3768,105.79999999999998
3769,67.1
3770,100.65
3771,119.05
3772,102.9
3773,70.0
3774,62.25
3775,67.1
3776,88.10000000000001
3777,107.1
3778,108.5
3779,87.99999999999999
3780,102.64999999999999
3781,87.19999999999999
3782,67.1
3783,103.1
3784,101.2
3785,87.0
3786,107.1
3787,116.74999999999999
3788,101.1
3789,139.5
3790,67.1
3791,107.1
3792,74.45
3793,88.8
3794,87.0
3795,69.1
3796,116.74999999999999
3797,67.1
3798,88.8
3799,90.55
3800,97.29999999999998
3801,116.74999999999999
3802,116.74999999999999
3803,107.1
3804,138.6
3805,69.1
3806,116.74999999999999
3807,74.45
3808,107.1
3809,125.19999999999999
3810,72.55
3811,67.1
3812,74.45
3813,116.74999999999999
3814,102.64999999999999
3815,67.1
3816,87.5
3817,59.7
3818,107.1
3819,98.5
3820,70.0
3821,88.8
3822,69.1
3823,90.55
3824,107.1
3825,90.55
3826,78.8
3827,102.64999999999999
3828,107.1
3829,96.85
3830,102.9
3831,70.0
3832,107.1
3833,107.1
3834,87.0
3835,80.55
3836,89.0
3837,88.8
3838,138.6
3839,125.19999999999999
3840,106.69999999999999
3841,97.05000000000001
3842,100.65
3843,65.1
3844,67.1
3845,101.0
3846,90.55
3847,107.1
3848,138.6
3849,90.55
3850,69.1
3851,88.8
3852,74.45
3853,116.74999999999999
3854,102.64999999999999
3855,116.74999999999999
3856,114.2
3857,90.55
3858,61.099999999999994
3859,87.0
3860,97.1
3861,86.25
3862,88.8
3863,87.0
3864,116.74999999999999
3865,72.55
3866,138.6
3867,90.55
3868,107.1
3869,100.65
3870,116.74999999999999
3871,67.1
3872,81.0
3873,116.74999999999999
3874,67.1
3875,116.74999999999999
3876,87.9
3877,74.45
3878,107.1
3879,90.55
3880,102.64999999999999
3881,72.55
3882,102.64999999999999
3883,139.5
3884,107.1
3885,110.5
3886,88.8
3887,112.8
3888,57.3
3889,107.1
3890,127.8
3891,84.45
3892,107.1
3893,80.8
3894,87.0
3895,102.64999999999999
3896,69.1
3897,102.64999999999999
3898,74.45
3899,88.8
3900,67.1
3901,67.1
3902,90.55
3903,82.45
3904,67.1
3905,69.1
3906,67.1
3907,102.64999999999999
3908,88.8
3909,107.1
3910,107.1
3911,88.8
3912,69.1
3913,116.74999999999999
3914,67.1
3915,90.55
3916,98.9
3917,67.1
3918,107.69999999999999
3919,100.25
3920,74.45
3921,88.8
3922,100.5
3923,107.1
3924,66.5
3925,67.1
3926,100.5
3927,88.8
3928,107.1
3929,68.35
3930,116.74999999999999
3931,100.75
3932,116.74999999999999
3933,139.5
3934,67.1
3935,71.35
3936,88.8
3937,73.80000000000001
3938,107.1
3939,112.24999999999999
3940,139.5
3941,67.1
3942,107.1
3943,88.8
3944,107.1
3945,115.24999999999999
3946,87.0
3947,69.1
3948,84.45
3949,102.64999999999999
3950,65.1
3951,107.1
3952,56.699999999999996
3953,116.75
3954,116.74999999999999
3955,116.74999999999999
3956,72.55
3957,116.74999999999999
3958,88.8
3959,74.45
3960,74.45
3961,89.0
3962,139.5
3963,139.5
3964,68.05
3965,62.0
3966,107.1
3967,88.8
3968,107.1
3969,94.3
3970,78.29999999999998
3971,61.5
3972,95.6
3973,116.74999999999999
3974,107.3
3975,69.1
3976,109.65
3977,90.55
3978,74.45
3979,72.6
3980,62.0
3981,67.1
3982,87.0
3983,102.64999999999999
3984,67.1
3985,90.55
3986,98.85
3987,77.60000000000001
3988,127.69999999999999
3989,106.9
3990,54.1
3991,74.45
3992,113.19999999999999
3993,88.8
3994,90.55
3995,81.0
3996,90.55
3997,82.8
3998,78.7
3999,92.64999999999999
4000,107.1
4001,88.8
4002,86.25
4003,83.9
4004,107.1
4005,88.8
4006,112.8
4007,77.60000000000001
4008,65.1
4009,77.80000000000001
4010,121.1
4011,88.8
4012,58.3
4013,88.8
4014,67.1
4015,87.0
4016,94.3
4017,90.55
4018,102.64999999999999
4019,86.75
4020,138.6
4021,69.1
4022,67.5
4023,74.45
4024,97.89999999999999
4025,88.8
4026,107.1
4027,88.8
4028,63.3
4029,67.1
4030,88.8
4031,88.8
4032,102.64999999999999
4033,102.64999999999999
4034,97.29999999999998
4035,88.8
4036,125.2
4037,114.05
4038,62.699999999999996
4039,107.1
4040,88.8
4041,67.1
4042,107.1
4043,88.8
4044,107.1
4045,105.1
4046,88.8
4047,112.39999999999999
4048,102.10000000000001
4049,74.45
4050,107.1
4051,100.5
4052,67.1
4053,74.45
4054,63.3
4055,86.74999999999999
4056,90.55
4057,116.74999999999999
4058,74.45
4059,138.59999999999997
4060,81.0
4061,67.1
4062,81.0
4063,69.1
4064,107.1
4065,96.85
4066,67.1
4067,107.1
4068,107.1
4069,81.0
4070,90.55
4071,102.64999999999999
4072,69.1
4073,67.1
4074,88.8
4075,91.39999999999998
4076,67.1
4077,139.5
4078,74.45
4079,101.1
4080,60.0
4081,88.8
4082,104.85
4083,67.1
4084,67.1
4085,81.4
4086,107.1
4087,102.64999999999999
4088,123.00000000000001
4089,67.1
4090,111.1
4091,116.74999999999999
4092,90.55
4093,107.1
4094,119.4
4095,138.6
4096,90.55
4097,107.1
4098,75.8
4099,74.45
4100,114.05
4101,65.1
4102,67.1
4103,125.19999999999999
4104,67.1
4105,67.1
4106,138.6
4107,86.75000000000001
4108,107.1
4109,74.45
4110,66.6
4111,110.1
4112,67.1
4113,84.35
4114,112.8
4115,107.1
4116,67.1
4117,67.1
4118,90.55
4119,139.5
4120,74.45
4121,90.55
4122,93.75
4123,58.699999999999996
4124,88.8
4125,67.5
4126,107.1
4127,107.29999999999998
4128,87.0
4129,139.5
4130,112.8
4131,88.8
4132,67.1
4133,116.09999999999998
4134,67.1
4135,65.65
4136,107.1
4137,100.5
4138,72.94999999999999
4139,107.1
4140,81.4
4141,102.64999999999999
4142,98.35
4143,67.1
4144,92.64999999999999
4145,115.69999999999999
4146,88.8
4147,89.69999999999999
4148,67.1
4149,101.1
4150,87.0
4151,69.1
4152,88.8
4153,92.64999999999999
4154,116.74999999999999
4155,69.1
4156,101.0
4157,102.64999999999999
4158,107.1
4159,73.2
4160,102.64999999999999
4161,88.8
4162,67.1
4163,107.1
4164,107.1
4165,67.1
4166,112.49999999999997
4167,67.1
4168,115.4
4169,74.45
4170,107.1
4171,107.1
4172,107.1
4173,88.8
4174,107.1
4175,107.1
4176,115.09999999999998
4177,73.6
4178,88.8
4179,107.1
4180,138.6
4181,100.7
4182,125.2
4183,90.55
4184,107.29999999999998
4185,102.9
4186,74.45
4187,116.74999999999999
4188,88.8
4189,67.1
4190,95.75
4191,107.1
4192,139.5
4193,72.55
4194,88.8
4195,117.5
4196,112.49999999999997
4197,90.55
4198,111.1
4199,90.55
4200,69.1
4201,61.900000000000006
4202,100.1
4203,138.6
4204,48.3
4205,88.8
4206,116.74999999999999
4207,71.4
4208,92.3
4209,116.74999999999999
4210,85.0
4211,61.099999999999994
4212,78.65
4213,107.1
4214,100.7
4215,74.45
4216,86.8
4217,74.45
4218,81.0
4219,67.3
4220,78.39999999999999
4221,74.45
4222,98.85
4223,100.5
4224,107.1
4225,139.5
4226,74.45
4227,69.1
4228,93.75
4229,90.55
4230,139.5
4231,86.25
4232,69.1
4233,67.1
4234,107.1
4235,90.55
4236,85.89999999999999
4237,72.55
4238,97.1
4239,112.99999999999997
4240,102.89999999999998
4241,71.80000000000001
4242,95.9
4243,88.8
4244,97.1
4245,69.1
4246,114.85
4247,107.1
4248,87.0
4249,102.64999999999999
4250,76.39999999999999
4251,121.2
4252,67.1
4253,90.55
4254,69.1
4255,62.0
4256,125.19999999999999
4257,88.8
4258,107.1
4259,91.6
4260,108.65
4261,79.0
4262,88.8
4263,76.2
4264,109.29999999999998
4265,88.8
4266,88.5
4267,116.74999999999999
4268,94.75
4269,116.74999999999999
4270,69.1
4271,88.85
4272,75.4
4273,67.1
4274,65.64999999999999
4275,67.1
4276,107.1
4277,107.1
4278,90.55
4279,67.1
4280,59.7
4281,67.1
4282,97.1
4283,121.2
4284,74.45
4285,100.7
4286,69.1
4287,67.1
4288,69.1
4289,67.1
4290,102.64999999999999
4291,67.1
4292,77.0
4293,61.5
4294,102.65
4295,87.0
4296,112.8
4297,102.64999999999999
4298,107.1
4299,88.8
4300,57.7
4301,74.45
4302,116.74999999999999
4303,107.1
4304,107.1
4305,74.4
4306,88.8
4307,107.1
4308,74.45
4309,88.8
4310,107.9
4311,69.1
4312,65.64999999999999
4313,70.15
4314,74.45
4315,107.1
4316,67.1
4317,107.1
4318,79.60000000000001
4319,69.1
4320,116.74999999999999
4321,67.1
4322,67.3
4323,88.8
4324,88.8
4325,111.74999999999997
4326,117.60000000000001
4327,88.8
4328,121.19999999999999
4329,79.35
4330,95.7
4331,116.74999999999999
4332,138.6
4333,90.55
4334,102.64999999999999
4335,86.8
4336,139.5
4337,74.45
4338,104.85
4339,100.65
4340,69.1
4341,103.1
4342,67.1
4343,116.74999999999999
4344,119.3
4345,139.5
4346,82.95
4347,67.1
4348,74.45
4349,88.8
4350,65.0
4351,88.8
4352,88.8
4353,99.95
4354,74.45
4355,116.74999999999999
4356,86.25
4357,65.3
4358,103.5
4359,107.1
4360,69.1
4361,138.6
4362,112.8
4363,67.1
4364,93.75
4365,74.0
4366,107.1
4367,88.8
4368,116.74999999999999
4369,100.09999999999998
4370,81.0
4371,107.1
4372,56.5
4373,104.9
4374,88.8
4375,90.55
4376,67.1
4377,94.6
4378,87.19999999999999
4379,90.55
4380,59.7
4381,90.55
4382,89.19999999999999
4383,67.5
4384,82.8
4385,67.1
4386,69.1
4387,107.1
4388,138.6
4389,74.45
4390,86.25
4391,125.2
4392,116.74999999999999
4393,126.89999999999999
4394,65.3
4395,107.1
4396,90.55
4397,59.7
4398,107.75000000000001
4399,102.64999999999999
4400,94.75
4401,74.45
4402,88.8
4403,112.8
4404,87.0
4405,84.8
4406,67.1
4407,74.45
4408,87.0
4409,107.1
4410,69.1
4411,88.8
4412,116.1
4413,100.65
4414,107.1
4415,97.0
4416,112.8
4417,63.3
4418,88.8
4419,139.5
4420,102.9
4421,67.1
4422,102.64999999999999
4423,125.19999999999999
4424,93.75
4425,75.2
4426,107.1
4427,102.64999999999999
4428,112.8
4429,102.64999999999999
4430,80.8
4431,92.29999999999998
4432,67.1
4433,102.64999999999999
4434,67.1
4435,84.89999999999999
4436,88.8
4437,58.89999999999999
4438,126.89999999999999
4439,90.55
4440,80.55
4441,107.1
4442,92.9
4443,88.8
4444,96.5
4445,70.0
4446,79.5
4447,125.2
4448,97.24999999999999
4449,107.1
4450,67.1
4451,67.1
4452,113.1
4453,107.1
4454,139.5
4455,88.8
4456,107.1
4457,92.64999999999999
4458,90.55
4459,97.1
4460,107.1
4461,69.1
4462,90.55
4463,139.5
4464,90.55
4465,70.0
4466,67.1
4467,107.1
4468,107.1
4469,139.5
4470,67.1
4471,105.79999999999998
4472,125.10000000000001
4473,67.1
4474,67.1
4475,82.45
4476,89.0
4477,67.1
4478,65.1
4479,116.74999999999999
4480,74.45
4481,105.1
4482,72.55
4483,74.45
4484,90.55
4485,69.5
4486,107.1
4487,113.39999999999998
4488,112.7
4489,90.55
4490,88.8
4491,107.1
4492,107.1
4493,102.64999999999999
4494,74.45
4495,100.65
4496,80.8
4497,90.55
4498,102.64999999999999
4499,107.1
4500,107.1
4501,53.9
4502,96.7
4503,91.5
4504,76.5
4505,95.1
4506,107.1
4507,72.55
4508,107.1
4509,91.5
4510,101.44999999999999
4511,86.6
4512,67.1
4513,107.1
4514,72.94999999999999
4515,112.8
4516,86.25
4517,107.1
4518,96.45
4519,73.4
4520,107.1
4521,69.1
4522,74.45
4523,104.85
4524,125.19999999999999
4525,87.0
4526,66.85
4527,67.1
4528,81.6
4529,72.55
4530,107.1
4531,100.7
4532,102.64999999999999
4533,88.8
4534,87.0
4535,105.1
4536,67.1
4537,62.699999999999996
4538,90.55
4539,74.45
4540,69.1
4541,94.3
4542,111.1
4543,84.9
4544,90.55
4545,92.55
4546,107.1
4547,100.30000000000001
4548,138.6
4549,138.6
4550,65.1
4551,90.55
4552,107.1
4553,67.1
4554,107.1
4555,116.74999999999999
4556,67.1
4557,106.6
4558,65.64999999999999
4559,88.8
4560,107.1
4561,67.1
4562,110.85
4563,54.699999999999996
4564,125.19999999999999
4565,67.1
4566,74.45
4567,90.55
4568,100.65
4569,74.45
4570,67.1
4571,107.1
4572,101.8
4573,107.1
4574,110.29999999999998
4575,67.1
4576,88.8
4577,88.8
4578,67.1
4579,100.30000000000001
4580,111.1
4581,107.1
4582,81.9
4583,102.65
4584,69.1
4585,102.64999999999999
4586,102.64999999999999
4587,105.1
4588,107.1
4589,107.1
4590,119.05
4591,68.1
4592,67.1
4593,101.1
4594,74.45
4595,84.44999999999999
4596,116.74999999999999
4597,67.1
4598,88.8
4599,107.1
4600,66.05
4601,90.55
4602,101.64999999999998
4603,105.1
4604,102.64999999999999
4605,112.8
4606,104.94999999999999
4607,90.55
4608,72.19999999999999
4609,67.1
4610,93.75
4611,116.74999999999999
4612,88.8
4613,67.1
4614,107.1
4615,97.29999999999998
4616,90.55
4617,88.8
4618,112.8
4619,112.8
4620,76.6
4621,110.6
4622,91.0
4623,67.1
4624,88.6
4625,114.85
4626,81.4
4627,67.1
4628,67.1
4629,105.1
4630,88.8
4631,86.25
4632,67.1
4633,74.45
4634,87.0
4635,138.6
4636,119.05000000000001
4637,89.1
4638,112.8
4639,59.7
4640,88.8
4641,100.1
4642,82.54999999999998
4643,85.0
4644,74.45
4645,56.699999999999996
4646,90.55
4647,104.45
4648,138.6
4649,107.1
4650,107.1
4651,69.1
4652,90.55
4653,102.64999999999999
4654,69.1
4655,110.29999999999998
4656,67.1
4657,116.74999999999999
4658,69.1
4659,88.8
4660,100.5
4661,107.1
4662,107.1
4663,102.9
4664,107.1
4665,92.19999999999999
4666,67.1
4667,100.8
4668,102.64999999999999
4669,107.1
4670,100.5
4671,110.29999999999998
4672,97.0
4673,88.8
4674,100.10000000000001
4675,117.5
4676,100.5
4677,54.1
4678,88.8
4679,67.1
4680,81.6
4681,90.55
4682,67.3
4683,63.9
4684,67.1
4685,72.94999999999999
4686,67.1
4687,88.8
4688,90.55
4689,67.1
4690,88.6
4691,84.8
4692,88.8
4693,82.8
4694,75.2
4695,107.1
4696,67.1
4697,139.5
4698,81.0
4699,84.44999999999999
4700,74.45
4701,107.1
4702,97.70000000000002
4703,67.1
4704,90.55
4705,67.1
4706,96.7
4707,94.3
4708,72.55
4709,97.29999999999998
4710,102.64999999999999
4711,74.45
4712,74.45
4713,125.19999999999999
4714,88.8
4715,69.1
4716,69.1
4717,116.74999999999999
4718,125.19999999999999
4719,90.55
4720,101.0
4721,113.1
4722,116.74999999999999
4723,104.85
4724,107.1
4725,74.45
4726,67.1
4727,112.8
4728,68.35000000000001
4729,110.29999999999998
4730,102.64999999999999
4731,88.8
4732,107.1
4733,73.4
4734,66.85
4735,72.55
4736,67.1
4737,107.1
4738,88.15
4739,87.0
4740,90.55
4741,88.8
4742,88.8
4743,77.60000000000001
4744,100.9
4745,70.8
4746,90.55
4747,138.6
4748,107.1
4749,88.1
4750,107.1
4751,74.45
4752,72.55
4753,56.699999999999996
4754,67.1
4755,88.8
4756,88.8
4757,88.8
4758,90.55
4759,63.3
4760,67.3
4761,88.8
4762,90.55
4763,79.85
4764,74.45
4765,88.8
4766,86.25
4767,101.1
4768,102.64999999999999
4769,88.8
4770,88.8
4771,88.8
4772,90.55
4773,100.5
4774,116.74999999999999
4775,90.55
4776,65.1
4777,90.55
4778,105.1
4779,68.35
4780,100.65
4781,90.55
4782,53.7
4783,86.75
4784,116.74999999999999
4785,107.1
4786,101.1
4787,138.6
4788,103.9
4789,54.699999999999996
4790,97.29999999999998
4791,67.1
4792,87.0
4793,67.1
4794,107.1
4795,67.1
4796,107.1
4797,86.74999999999999
4798,88.8
4799,69.1
4800,74.45
4801,101.75
4802,91.5
4803,112.8
4804,90.9
4805,91.7
4806,101.64999999999998
4807,101.7
4808,67.1
4809,84.6
4810,138.6
4811,102.64999999999999
4812,139.5
4813,109.29999999999998
4814,107.1
4815,112.8
4816,74.45
4817,67.1
4818,88.8
4819,90.55
4820,74.45
4821,91.7
4822,67.1
4823,108.8
4824,81.9
4825,100.8
4826,88.8
4827,110.5
4828,67.1
4829,90.55
4830,116.74999999999999
4831,93.75
4832,107.1
4833,91.7
4834,138.6
4835,88.8
4836,102.64999999999999
4837,57.7
4838,138.6
4839,86.25
4840,114.05
4841,98.69999999999999
4842,81.0
4843,81.0
4844,116.74999999999999
4845,88.8
4846,61.5
4847,115.4
4848,59.94999999999999
4849,69.1
4850,102.64999999999999
4851,67.3
4852,88.8
4853,125.19999999999999
4854,67.1
4855,67.1
4856,88.8
4857,116.74999999999999
4858,81.0
4859,88.8
4860,70.0
4861,116.74999999999999
4862,67.1
4863,107.1
4864,138.6
4865,100.5
4866,125.19999999999999
4867,74.45
4868,107.1
4869,88.8
4870,90.75
4871,74.45
4872,67.1
4873,96.30000000000001
4874,90.55
4875,125.19999999999999
4876,72.55
4877,88.8
4878,100.65
4879,102.64999999999999
4880,107.1
4881,77.60000000000001
4882,67.1
4883,98.35
4884,68.75
4885,90.55
4886,88.8
4887,91.5
4888,67.1
4889,116.74999999999999
4890,101.64999999999998
4891,138.6
4892,116.1
4893,69.1
4894,88.8
4895,50.3
4896,88.8
4897,91.6
4898,74.45
4899,65.65
4900,81.0
4901,126.9
4902,74.45
4903,84.85
4904,79.35
4905,125.19999999999999
4906,62.699999999999996
4907,77.60000000000001
4908,92.79999999999998
4909,103.1
4910,86.75
4911,67.1
4912,74.45
4913,88.8
4914,107.1
4915,104.29999999999998
4916,102.64999999999999
4917,87.0
4918,103.09999999999998
4919,88.8
4920,88.8
4921,88.8
4922,59.7
4923,139.5
4924,74.45
4925,69.1
4926,67.1
4927,85.0
4928,74.45
4929,127.79999999999998
4930,67.1
4931,90.55
4932,102.4
4933,72.94999999999999
4934,139.5
4935,69.1
4936,74.45
4937,103.1
4938,112.8
4939,101.1
4940,85.5
4941,97.1
4942,67.1
4943,91.5
4944,112.49999999999999
4945,106.89999999999999
4946,139.5
4947,90.55
4948,102.64999999999999
4949,79.35
4950,107.1
4951,107.1
4952,72.55
4953,87.0
4954,67.1
4955,102.64999999999999
4956,116.74999999999999
4957,107.1
4958,107.1
4959,125.1
4960,107.1
4961,69.1
4962,116.74999999999999
4963,79.4
4964,80.8
4965,74.45
4966,107.1
4967,102.64999999999999
4968,107.1
4969,116.1
4970,103.09999999999998
4971,107.29999999999998
4972,88.8
4973,116.74999999999999
4974,116.74999999999999
4975,67.1
4976,98.69999999999999
4977,102.64999999999999
4978,74.45
4979,90.55
4980,107.1
4981,88.8
4982,67.1
4983,88.8
4984,102.64999999999999
4985,70.0
4986,119.05
4987,87.0
4988,85.0
4989,87.0
4990,74.45
4991,68.75
4992,100.69999999999999
4993,74.45
4994,107.1
4995,88.5
4996,67.1
4997,119.29999999999998
4998,70.19999999999999
4999,88.8
5000,67.1
